,accelerations,prolongued_decelerations,abnormal_short_term_variability,histogram_mean,histogram_variance,fetal_health
accelerations,1.0,-0.12774862368173778,-0.279577472575182,0.2703344284453404,0.1257039633526416,-0.36406579288786295
prolongued_decelerations,-0.12774862368173778,1.0,0.046225690711339994,-0.48866343695172065,0.5033014649006565,0.48485918632134756
abnormal_short_term_variability,-0.279577472575182,0.046225690711339994,1.0,0.07455369205091086,-0.14643381721284346,0.4711907528466762
histogram_mean,0.2703344284453404,-0.48866343695172065,0.07455369205091086,1.0,-0.399423229201383,-0.22698517650772848
histogram_variance,0.1257039633526416,0.5033014649006565,-0.14643381721284346,-0.399423229201383,1.0,0.2066296220427258
fetal_health,-0.36406579288786295,0.48485918632134756,0.4711907528466762,-0.22698517650772848,0.2066296220427258,1.0
